pred_s,pred_p,pred_o,gt_s,gt_p,gt_o,tier,triple_sim
finding,could shows,organic compounds,,,,no_match,0.0
finding,could indicates,current,,,,no_match,0.0
blagoja billy celeski,plays,australian footballer,,,,no_match,0.0
tom bradley,joined,goods depot,,,,no_match,0.0
tom bradley,joined,kettering,,,,no_match,0.0
london,midland and scottish railway company,tom bradley,,,,no_match,0.0
gideon rodan,taught,university connecticut,,,,no_match,0.0
gideon rodan,taught,school dental medicine,,,,no_match,0.0
hezbollah,launched,rocket attacks raids,,,,no_match,0.0
hezbollah,launched,israeli territory,,,,no_match,0.0
courtelary,mentioned in,968,,,,no_match,0.0
strike,addressed,public meetings,,,,no_match,0.0
workers,addressed,public meetings,,,,no_match,0.0
janet jagan,addressed,public meetings,,,,no_match,0.0
leaders giwu,addressed,public meetings,,,,no_match,0.0
nc 122,diverge,northeast tarboro,,,,no_match,0.0
plants,adapted to,mountains,,,,no_match,0.0
muncy creek,flows along,border,,,,no_match,0.0
muncy creek,flows along,penn township,,,,no_match,0.0
rsno,base,royal concert hall,,,,no_match,0.0
rsno,new base,royal concert hall,,,,no_match,0.0
dripping,can be clarified,adding,,,,no_match,0.0
sliced raw potato,can is added,dripping,,,,no_match,0.0
sliced raw potato,can is cooked,until,,,,no_match,0.0
sliced raw potato,can turns,brown,,,,no_match,0.0
map,does,nearly well,,,,no_match,0.0
they,gained,promotion,,,,no_match,0.0
they,gained promotion to,first division,,,,no_match,0.0
they,gained promotion in,1974,,,,no_match,0.0
they,returned,first attempt,,,,no_match,0.0
they,gained,first division,,,,no_match,0.0
they,gained,1974,,,,no_match,0.0
king,refers to,contradictions,,,,no_match,0.0
king,refers to,material reality,,,,no_match,0.0
king,refers to,upbringing,,,,no_match,0.0
king,refers to,behavior,,,,no_match,0.0
king,refers to,snobbish behavior,,,,no_match,0.0
songs,suggests negate,what,,,,no_match,0.0
many,suggests consider,be,,,,no_match,0.0
byrom street cutting,became,runaway catch point,,,,no_match,0.0
byrom street cutting,became,catch point,,,,no_match,0.0
byrom street cutting,became,runaway,,,,no_match,0.0
byrom street cutting,became,point,,,,no_match,0.0
judge,reviewed,case,,,,no_match,0.0
istanbul,observed,practice,,,,no_match,0.0
resistance,encountered,lady mary wortley montagu,,,,no_match,0.0
french community belgium,responsible for,matters,,,,no_match,0.0
french community belgium,responsible for,education,,,,no_match,0.0
thought,becomes,more inward spiritual,,,,no_match,0.0
god,desires,man s observance,,,,no_match,0.0
replica,of,shiva lingam,,,,no_match,0.0
parsley hay,connected,north staffordshire railway,,,,no_match,0.0
form violence,occurs,other domestic relationships,,,,no_match,0.0
second session,produced,i ve just got forget you,,,,no_match,0.0
she,began,1947,,,,no_match,0.0
continuing duties,may became,specified,,,,no_match,0.0
manumission agreements,may contain,duties,,,,no_match,0.0
he,working,clubs,,,,no_match,0.0
israel,captured,sector,,,,no_match,0.0
israel,captured,six day war,,,,no_match,0.0
israel,captured in,six day war,,,,no_match,0.0
these tracks,been included,cd reissues,,,,no_match,0.0
these tracks,been included,album,,,,no_match,0.0
these tracks,been included,plan,,,,no_match,0.0
institut constant de rebecque,named,after,,,,no_match,0.0
owen,could believed,ills,,,,no_match,0.0
owen,could believed,industrial work relations,,,,no_match,0.0
owen,could believed,establishment,,,,no_match,0.0
henri de saint simon,could believed,ills,,,,no_match,0.0
henri de saint simon,could believed,establishment,,,,no_match,0.0
latchford viaduct,deemed,too expensive,,,,no_match,0.0
latchford viaduct,operational,it was deemed too expensive make extensive repairs,,,,no_match,0.0
latchford viaduct,operational,it was deemed too expensive,,,,no_match,0.0
latchford viaduct,too expensive,make extensive repairs,,,,no_match,0.0
latchford viaduct,too expensive,extensive repairs,,,,no_match,0.0
latchford viaduct,too expensive,repairs,,,,no_match,0.0
latchford viaduct,july 1985,closed,,,,no_match,0.0
july 1985,closed,latchford viaduct,,,,no_match,0.0
speranskaya,worked,kazan dolls theatre,,,,no_match,0.0
april 13,1987,iowa terminal railroad,,,,no_match,0.0
iowa terminal railroad,sold,april 13 1987,,,,no_match,0.0
pair,developed,idea,,,,no_match,0.0
club,ranked,sixth,,,,no_match,0.0
bond,a disagreement,sam graves,,,,no_match,0.0
first,may occurred,may 26,,,,no_match,0.0
first,may occurred,1994,,,,no_match,0.0
first,may has magnitude,6 0,,,,no_match,0.0
first,may occurred,may,,,,no_match,0.0
first moroccan crisis,worsened,tensions,,,,no_match,0.0
blackburne,could not has statement,would not tolerate refusal ratify appointment,,,,no_match,0.0
ariana,unable see,robin,,,,no_match,0.0
conte quinto mazzolini,undertook,negotiations,,,,no_match,0.0
conte quinto mazzolini,sought,italian recognition,,,,no_match,0.0
lehi terrorist group,sought,recognition jewish sovereignty palestine,,,,no_match,0.0
inocean ab,proposed,plans,,,,no_match,0.0
he,ran,four times,,,,no_match,0.0
they,became,popular,,,,no_match,0.0
performance,received,well,,,,no_match,0.0
squadrons,mobilized,back active duty,,,,no_match,0.0
personnel,mobilized,back active duty,,,,no_match,0.0
charles,not disbanded,army,,,,no_match,0.0
gladiators,developed,british version,,,,no_match,0.0
mouse,can,nine inches long,,,,no_match,0.0
mouse,can jump,four feet,,,,no_match,0.0
john crozier jr,could began,building,,,,no_match,0.0
these screening activities,include,these screening,,,,no_match,0.0
portion,cuts,smaller pieces,,,,no_match,0.0
portion,cut,smaller pieces,,,,no_match,0.0
he,died,suddenly,,,,no_match,0.0
they,point,tok pisin,,,,no_match,0.0
she,received,master degree,,,,no_match,0.0
vessel,can turning turtle,is less frequent but more dangerous,,,,no_match,0.0
ships,can turning turtle,is less frequent,,,,no_match,0.0
ships,can turning turtle,is less frequent but more dangerous,,,,no_match,0.0
smaller boats,can turning turtle,is less frequent,,,,no_match,0.0
method,relies,heavily,,,,no_match,0.0
his christian beliefs,fit,best,,,,no_match,0.0
objects,do not,contribute,,,,no_match,0.0
he,won,medal,,,,no_match,0.0
he,won,6th european championships,,,,no_match,0.0
he,won,european championships,,,,no_match,0.0
he,won,1958,,,,no_match,0.0
reaction,produces,r enantiomer,,,,no_match,0.0
reaction,produces,s enantiomer,,,,no_match,0.0
r enantiomer,not,medicinally desirable,,,,no_match,0.0
building,occupied,staff,,,,no_match,0.0
staff,occupied,building,,,,no_match,0.0
united states high commissioner germany,occupied,1949,,,,no_match,0.0
united states high commissioner germany,occupied,1952,,,,no_match,0.0
building,occupied,1952,,,,no_match,0.0
legislation,provides,surviving family members,,,,no_match,0.0
legislation,provides,firefighters,,,,no_match,0.0
legislation,provides,emergency services workers,,,,no_match,0.0
legislation,removes,killed while serving public good,,,,no_match,0.0
they,acquired,december 31 1963,,,,no_match,0.0
they,acquired,charles city western december 31 1963,,,,no_match,0.0
community empowerment networks,set up,part,,,,no_match,0.0
community empowerment networks,set up,initiative,,,,no_match,0.0
community empowerment networks,foster,community involvement,,,,no_match,0.0
community empowerment networks,foster,regeneration,,,,no_match,0.0
mark,made,announcement,,,,no_match,0.0
mark,made,announcement live air,,,,no_match,0.0
mark,made,5 20 pm gmt,,,,no_match,0.0
announcement,made,live,,,,no_match,0.0
announcement,made,air,,,,no_match,0.0
announcement,made,5 20 pm gmt,,,,no_match,0.0
staff,informed,24 hours earlier,,,,no_match,0.0
staff,informed,23 december,,,,no_match,0.0
staff,informed,decision,,,,no_match,0.0
davis,produced,singles,,,,no_match,0.0
davis,released,big r b sellers,,,,no_match,0.0
waist line,became,longer,,,,no_match,0.0
arsenal,became,1 1 draw,,,,no_match,0.0
arsenal,became,14 february 1987 1 1 draw,,,,no_match,0.0
arsenal,became,1 1 draw sheffield wednesday,,,,no_match,0.0
caro,trying to,organise,,,,no_match,0.0
alpha serpentis,located,approximately away,,,,no_match,0.0
shaftesbury,support,resolution,,,,no_match,0.0
two three year programs,offered,through,,,,no_match,0.0
three year programs,offered,through,,,,no_match,0.0
three year programs,offered,various fields,,,,no_match,0.0
two three year programs,offered,through divisions,,,,no_match,0.0
three year programs,offered,through divisions,,,,no_match,0.0
two three year programs,offered,divisions,,,,no_match,0.0
three year programs,offered,divisions,,,,no_match,0.0
two three year programs,offered,games animation,,,,no_match,0.0
three year programs,offered,games animation,,,,no_match,0.0
two three year programs,offered,industrial design,,,,no_match,0.0
three year programs,offered,industrial design,,,,no_match,0.0
two three year programs,offered,performing arts,,,,no_match,0.0
three year programs,offered,performing arts,,,,no_match,0.0
two three year programs,offered,information communications,,,,no_match,0.0
three year programs,offered,information communications,,,,no_match,0.0
two three year programs,offered,human care,,,,no_match,0.0
three year programs,offered,human care,,,,no_match,0.0
pete,suggests,taking,,,,no_match,0.0
pete,suggests,blood sample,,,,no_match,0.0
pete,suggests,check,,,,no_match,0.0
pete,suggests takes,check,,,,no_match,0.0
local councils,the power,segregate,,,,no_match,0.0
11 million copies,distributed,via,,,,no_match,0.0
11 million copies,distributed,85 newspaper distribution chain,,,,no_match,0.0
public,distributed to,11 million copies,,,,no_match,0.0
85 newspaper distribution chain,distributed,11 million copies,,,,no_match,0.0
process,might accelerates,esperanto,,,,no_match,0.0
process,might accelerates,ease,,,,no_match,0.0
its bus operations,merged with,suomen turistiauto,,,,no_match,0.0
his body,laid to rest,llanwynno forestry,,,,no_match,0.0
alvarez,reunited with,his,,,,no_match,0.0
building,transformation,1885,,,,no_match,0.0
el camino high school,offers,g courses,,,,no_match,0.0
university california,illustrates,minimum level academic preparation,,,,no_match,0.0
students,ought to achieve,level academic preparation,,,,no_match,0.0
october 6,1973,first day,,,,no_match,0.0
decision,receive,praise,,,,no_match,0.0
he,chosen,chief justice,,,,no_match,0.0
he,chosen,court queen s bench,,,,no_match,0.0
he,chosen,queen s bench,,,,no_match,0.0
he,chosen,chief justice court,,,,no_match,0.0
hill,responsibility for,army,,,,no_match,0.0
attack squadron 209,part of,carrier air wing reserve twenty,,,,no_match,0.0
attack squadron 725,until,1970,,,,no_match,0.0
passengers,change,during,,,,no_match,0.0
passengers,change,off peak,,,,no_match,0.0
video concert hall,ran,daily,,,,no_match,0.0
district,provides,services,,,,no_match,0.0
district,provides,many non residents,,,,no_match,0.0
district,provides,non residents,,,,no_match,0.0
district,provides,fee basis,,,,no_match,0.0
district,provides,fee,,,,no_match,0.0
district,provides,leisure,,,,no_match,0.0
district,provides,many,,,,no_match,0.0
area,provides,recreation leisure services,,,,no_match,0.0
area,provides,basis,,,,no_match,0.0
area,provides,fee,,,,no_match,0.0
area,provides,recreation,,,,no_match,0.0
area,provides,leisure,,,,no_match,0.0
lodge,supports,council activities,,,,no_match,0.0
dangaioh,characters,characters,,,,no_match,0.0
porter,wrote,1980,,,,no_match,0.0
strategy,target,focus,,,,no_match,0.0
his main power,fires,energy,,,,no_match,0.0
maduveya vayasu,played,during,,,,no_match,0.0
maduveya vayasu,played,marriages,,,,no_match,0.0
many many years,played,maduveya vayasu,,,,no_match,0.0
tourism,came,kabul,,,,no_match,0.0
dangaioh,released,game,,,,no_match,0.0
dangaioh,released,pc 8801,,,,no_match,0.0
dangaioh,released,april 1990,,,,no_match,0.0
japan,released,dangaioh,,,,no_match,0.0
april 1990,released,dangaioh,,,,no_match,0.0
arp schnitger,built,organ,,,,no_match,0.0
baroque period,known,organ makers,,,,no_match,0.0
smaller meteorite,hit,1992,,,,no_match,0.0
he,awoke,1992,,,,no_match,0.0
sidney rice,caught,russell wilson,,,,no_match,0.0
sidney rice,caught,pass,,,,no_match,0.0
sidney rice,beat,new england patriots,,,,no_match,0.0
sidney rice,beat,24 23,,,,no_match,0.0
she,used,unique gimmicks,,,,no_match,0.0
theatrical flourishes,used,stage show,,,,no_match,0.0
unique gimmicks,used,stage show,,,,no_match,0.0
theatrical flourishes,went,beyond,,,,no_match,0.0
theatrical flourishes,went,established burlesque routines,,,,no_match,0.0
unique gimmicks,went,beyond,,,,no_match,0.0
unique gimmicks,went,established burlesque routines,,,,no_match,0.0
theatrical flourishes,like,balloon dance,,,,no_match,0.0
unique gimmicks,like,balloon dance,,,,no_match,0.0
roison electronics,established,roison candy,,,,no_match,0.0
roison candy,established,2008,,,,no_match,0.0
uzbek italian joint venture,established,roison candy,,,,no_match,0.0
weapons,do not influence,all,,,,no_match,0.0
school,founded,1851,,,,no_match,0.0
school,founded,group milwaukee german americans,,,,no_match,0.0
german english academy,founded,1851,,,,no_match,0.0
german english academy,founded,peter engelmann,,,,no_match,0.0
group milwaukee german americans,included,peter engelmann,,,,no_match,0.0
group milwaukee german americans,included,william frankfurth,,,,no_match,0.0
sligo,issued,royal charter,,,,no_match,0.0
sligo,then,became,,,,no_match,0.0
man,might trembled,fear,,,,no_match,0.0
man,might feared,gods,,,,no_match,0.0
neighborhood,located along,kill van kull,,,,no_match,0.0
firewall,ahead,wing center section,,,,no_match,0.0
siddal,may,devoted swallower,,,,no_match,0.0
fowler s solution,may contains,arsenic,,,,no_match,0.0
it,would,redevelopment work,,,,no_match,0.0
what remains,exist,probably,,,,no_match,0.0
shi,believe,usurpers,,,,no_match,0.0
shi,believe,ali,,,,no_match,0.0
two companies,teaming up,again,,,,no_match,0.0
two companies,work,together,,,,no_match,0.0
employees both companies,will,work,,,,no_match,0.0
china,developed,form,,,,no_match,0.0
several thousand years ago,ago,several thousand years,,,,no_match,0.0
several thousand years ago,ago,years,,,,no_match,0.0
bears,would have to wait,until 2000,,,,no_match,0.0
historical buildings monuments,located in,meaux,,,,no_match,0.0
old defensive walls,kept,partially,,,,no_match,0.0
old defensive walls,kept,thanks,,,,no_match,0.0
arminius,leader,cherusci,,,,no_match,0.0
matthew rick,put on,40th anniversary,,,,no_match,0.0
zane,announced,kickstarter,,,,no_match,0.0
zane,along with,derek stevens,,,,no_match,0.0
it,includes,elementary schools,,,,no_match,0.0
it,includes,middle schools,,,,no_match,0.0
it,includes,high schools,,,,no_match,0.0
it,includes,charter school,,,,no_match,0.0
lamps,under,tub,,,,no_match,0.0
crime master,in league with,otto octavius,,,,no_match,0.0
he,sent,through,,,,no_match,0.0
american congressman,authored,philippine autonomy act 1916,,,,no_match,0.0
tsar,chose,draft,,,,no_match,0.0
tsar,accept,draft,,,,no_match,0.0
tsar,accept,basis,,,,no_match,0.0
henry letheby,obtained,partly conductive material,,,,no_match,0.0
henry letheby,anodic oxidation,sulfuric acid,,,,no_match,0.0
aniline,anodic oxidized,henry letheby,,,,no_match,0.0
partly conductive material,obtained,henry letheby,,,,no_match,0.0
melvins,album,crybaby,,,,no_match,0.0
crybaby,part of,trilogy,,,,no_match,0.0
crybaby,the last part of,trilogy,,,,no_match,0.0
line,along,carlisle street balaclava road,,,,no_match,0.0
erasistratus,suspects,love,,,,no_match,0.0
edwards,years,re imagined,,,,no_match,0.0
robotech,from the stars,published,,,,no_match,0.0
body,made of,lightweight carbon fiber,,,,no_match,0.0
lightweight carbon fiber,known for,strength,,,,no_match,0.0
nazis,could conduct,clemens krauss,,,,no_match,0.0
clemens krauss,could conduct,salzburg,,,,no_match,0.0
clemens krauss,could conduct,16 august,,,,no_match,0.0
strauss,could hear,dress rehearsal,,,,no_match,0.0
byers,potential not opposes,concept,,,,no_match,0.0
programs,uses,combination,,,,no_match,0.0
programs,select,grants,,,,no_match,0.0
geographic requirements,select,grants,,,,no_match,0.0
ammanford f c,play,football,,,,no_match,0.0
he,able to,control,,,,no_match,0.0
he,able to,control his,,,,no_match,0.0
privy council ireland,sworn,he,,,,no_match,0.0
academy,moved,1891,,,,no_match,0.0
academy,moved,german english academy building,,,,no_match,0.0
water,became,cold,,,,no_match,0.0
he,no,no certain documentary evidence,,,,no_match,0.0
gravestone,over,100 years,,,,no_match,0.0
death,over,100 years,,,,no_match,0.0
charles,concerns,about,,,,no_match,0.0
england wales,an,attempt,,,,no_match,0.0
attempted murder,carries,life imprisonment,,,,no_match,0.0
sponsors,protest,suspension,,,,no_match,0.0
hydrophobic particles,come,very close,,,,no_match,0.0
dr jagan,helped,raise,,,,no_match,0.0
dr jagan,helped,strike,,,,no_match,0.0
strike,raise,funds,,,,no_match,0.0
national party,held,division,,,,no_match,0.0
national party,held,it,,,,no_match,0.0
national party,held,it all but six years,,,,no_match,0.0
national party,held,1922 2004,,,,no_match,0.0
national party,held it,all but six years,,,,no_match,0.0
national party,held it,1922 2004,,,,no_match,0.0
he,tried,find,,,,no_match,0.0
he,worked,short time,,,,no_match,0.0
senai airport,shares,kilometre zero,,,,no_match,0.0
he,appointed,queen s birthday honours,,,,no_match,0.0
oxford english university press,included,makaton,,,,no_match,0.0
oxford english dictionary,included,makaton,,,,no_match,0.0
montgomery blair s science,math,technology academy specializes life science physical science,,,,no_match,0.0
he,joined,academy tomorrow,,,,no_match,0.0
he,joined,gifted beings,,,,no_match,0.0
she,became,severe,,,,no_match,0.0
she,makes,veiled references,,,,no_match,0.0
definition dogma immaculate conception b v m,defined,immaculate conception b v m,,,,no_match,0.0
missionaries sacred heart,origin,origin missionaries sacred heart,,,,no_match,0.0
hiester,born,pennsylvania,,,,no_match,0.0
he,chose,conflict,,,,no_match,0.0
she,proposed,home poor women,,,,no_match,0.0
she,proposed,it should establish home poor women,,,,no_match,0.0
depauw university,awarded,degree,,,,no_match,0.0
depauw university,awarded,1892,,,,no_match,0.0
depauw university,awarded,doctor divinity 1892,,,,no_match,0.0
rules,coincide,spirit,,,,no_match,0.0
rules,coincide,big gun model warship combat,,,,no_match,0.0
it,proposes,view,,,,no_match,0.0
it,view,holistic manner,,,,no_match,0.0
2 10,born,united kingdom,,,,no_match,0.0
1 47,born,world,,,,no_match,0.0
wellington,invasion,southern france,,,,no_match,0.0
individuals,not,20,,,,no_match,0.0
voorhees,approved,850 000,,,,no_match,0.0
voorhees,approved,2010,,,,no_match,0.0
he,became,code crosser,,,,no_match,0.0
he,play,australia,,,,no_match,0.0
he,play,second time,,,,no_match,0.0
car,based on,rodeck resleevable,,,,no_match,0.0
families,depending,affiliations,,,,no_match,0.0
affiliations,depending,services,,,,no_match,0.0
lodge,located between,hanover lodge itself,,,,no_match,0.0
people,influenced,her development person,,,,no_match,0.0
these people,influenced,her,,,,no_match,0.0
muscles,enlists,five lucky stars,,,,no_match,0.0
muscles,help,catch,,,,no_match,0.0
five lucky stars,travel,japan,,,,no_match,0.0
five lucky stars,help,catch,,,,no_match,0.0
they,must,lick,,,,no_match,0.0
florence,required,high standards behavior,,,,no_match,0.0
tram services,withdraw,6 april 1952,,,,no_match,0.0
state,can cannot occur,zeros,,,,no_match,0.0
commissioners,attend,tribunals,,,,no_match,0.0
manual,describes,necessity,,,,no_match,0.0
manual,describes,moments weakness,,,,no_match,0.0
systems thinking,concerns,understanding,,,,no_match,0.0
systems,compose,entirety system,,,,no_match,0.0
she,seems,happy,,,,no_match,0.0
arrangement,seems,happy,,,,no_match,0.0
economic issues,appeared,incidentally,,,,no_match,0.0
redlettermedia,delivered,video critique,,,,no_match,0.0
redlettermedia,delivered,critique,,,,no_match,0.0
ryan cameron,put together,petition,,,,no_match,0.0
ryan cameron,risk,losing his job,,,,no_match,0.0
exhibit,combined,work all three,,,,no_match,0.0
ballast tanks,equipped,change,,,,no_match,0.0
many young south african artists,made,their debut,,,,no_match,0.0
many young south african artists,toured,country,,,,no_match,0.0
many young south african artists,made,their debut lm radio,,,,no_match,0.0
many young south african artists,made,debut lm radio,,,,no_match,0.0
many young south african artists,toured,road shows,,,,no_match,0.0
many young south african artists,made,radio through numerous road shows,,,,no_match,0.0
many young south african artists,made,through numerous road shows,,,,no_match,0.0
many young south african artists,made,through numerous road shows which toured country,,,,no_match,0.0
south african artists,made,debut,,,,no_match,0.0
south african artists,made,their debut,,,,no_match,0.0
south african artists,toured,country,,,,no_match,0.0
south african artists,made,debut lm radio,,,,no_match,0.0
south african artists,toured,road shows,,,,no_match,0.0
south african artists,made,radio through numerous road shows,,,,no_match,0.0
south african artists,made,through numerous road shows,,,,no_match,0.0
south african artists,made,through numerous road shows which toured country,,,,no_match,0.0
mr mrs justice smith,referred to as,honourable mr mrs justice smith,,,,no_match,0.0
alexander,never,so lucky,,,,no_match,0.0
komo,broadcast,daily programming,,,,no_match,0.0
komo,broadcast,programming,,,,no_match,0.0
komo,became,first,,,,no_match,0.0
komo,first,television station,,,,no_match,0.0
television station,broadcast,full stereo sound,,,,no_match,0.0
hazelwood,sortied,11 february,,,,no_match,0.0
carriers,launched,heavy air strikes,,,,no_match,0.0
carriers,launched,air strikes,,,,no_match,0.0
pursuit,may is directed towards,enemy,,,,no_match,0.0
they,not believe,not,,,,no_match,0.0
they,not believe,accepted,,,,no_match,0.0
they,not believe,vast majority,,,,no_match,0.0
baako,grandmother,naana,,,,no_match,0.0
baako,stands,living contact,,,,no_match,0.0
it,described as,german armada,,,,no_match,0.0
all three,became,newton s longtime assistants,,,,no_match,0.0
vaccinations,followed,other viral diseases,,,,no_match,0.0
oilseed radish,can be used for,industrial use,,,,no_match,0.0
he,held,nearly fourteen years,,,,no_match,0.0
post,held,nearly fourteen years,,,,no_match,0.0
he,held,regiment,,,,no_match,0.0
springsteen,plan,work e street band again,,,,no_match,0.0
he,left,post,,,,no_match,0.0
he,become,second commander,,,,no_match,0.0
post,left,he,,,,no_match,0.0
town,hit by,two moderate earthquakes,,,,no_match,0.0
town,surrounding villages,were hit,,,,no_match,0.0
town,surrounding villages,were hit two moderate earthquakes within ten years,,,,no_match,0.0
surrounding villages,hit by,two moderate earthquakes,,,,no_match,0.0
surrounding villages,hit by,two moderate earthquakes within ten years,,,,no_match,0.0
he,played,1987 88 season,,,,no_match,0.0
he,featured,defence,,,,no_match,0.0
he,mainly,defence,,,,no_match,0.0
they,held,1982,,,,no_match,0.0
they,held,thirty sculptors painters,,,,no_match,0.0
they,held,sculptors painters,,,,no_match,0.0
triangle workshop,held,1982,,,,no_match,0.0
triangle workshop,held,us uk canada,,,,no_match,0.0
triangle workshop,held,pine plains new york,,,,no_match,0.0
kfi,helped,keep,,,,no_match,0.0
what,not might,most adaptive strategy,,,,no_match,0.0
most adaptive strategy,might not in,one environment,,,,no_match,0.0
one environment,might not,be,,,,no_match,0.0
my classical way,released on,21 september 2010,,,,no_match,0.0
my classical way,released on,frazzy frog music,,,,no_match,0.0
marc,own label,frazzy frog music,,,,no_match,0.0
he,accused,maroboduus,,,,no_match,0.0
he,accused,hiding,,,,no_match,0.0
he,accused,maroboduus being,,,,no_match,0.0
he,accused,maroboduus being only,,,,no_match,0.0
he,accused,maroboduus being only king,,,,no_match,0.0
he,accused,maroboduus being only king among,,,,no_match,0.0
acquisition,can takes,tens minutes hours,,,,no_match,0.0
acquisition,can takes,minutes,,,,no_match,0.0
acquisition,can takes,hours,,,,no_match,0.0
acquisition,can,time consuming,,,,no_match,0.0
spectra,can,be time,,,,no_match,0.0
viewer,happens upon,spoof adverts,,,,no_match,0.0
viewer,happens upon,short sketches,,,,no_match,0.0
tvn24,started,30 november 2012,,,,no_match,0.0
tvn24,start,30 november 2012,,,,no_match,0.0
tvn24 hd,started,30 november 2012,,,,no_match,0.0
he,served,prime minister australia,,,,no_match,0.0
he,became,founding justice high court australia,,,,no_match,0.0
he,became,justice high court australia,,,,no_match,0.0
salahuddin,won,patharghatti,,,,no_match,0.0
salahuddin,won,1962,,,,no_match,0.0
salahuddin,later,charminar,,,,no_match,0.0
salahuddin,later,1967,,,,no_match,0.0
childers,book,remained,,,,no_match,0.0
childers,book,most powerful contribution any english writer,,,,no_match,0.0
childers,book,ten years childers s book remained,,,,no_match,0.0
felicia,a relationship,spider man noir,,,,no_match,0.0
tom mcmorran,joined,1994,,,,no_match,0.0
band,released,august,,,,no_match,0.0
flanders,assigned,powers,,,,no_match,0.0
walloon region,remains,distinct,,,,no_match,0.0
walloon region,remains,independent,,,,no_match,0.0
viewer,without,part,,,,no_match,0.0
chapters bremen cathedral,located,around cathedral st peter,,,,no_match,0.0
administration,located,within city boundary,,,,no_match,0.0
stewart,won,major championship,,,,no_match,0.0
stewart,won,championship,,,,no_match,0.0
he,played,all four matches,,,,no_match,0.0
he,played,final,,,,no_match,0.0
families,live below the poverty line,22 2,,,,no_match,0.0
photographic model,follows,step step process,,,,no_match,0.0
cathedral belfry,renovated,2006 2008,,,,no_match,0.0
cathedral belfry,thoroughly renovated,2006 2008,,,,no_match,0.0
cathedral belfry,renovated,2008,,,,no_match,0.0
cathedral belfry,renovated,2006,,,,no_match,0.0
cathedral belfry,thoroughly renovated,2006,,,,no_match,0.0
darwin,matriculated,university,,,,no_match,0.0
darwin,came into residence,26 january 1828,,,,no_match,0.0
darwin,matriculated,26 february,,,,no_match,0.0
it,part of,ribble valley district,,,,no_match,0.0
kasim mehaddi hilas,could asked,one day,,,,no_match,0.0
kasim mehaddi hilas,could asked,graner,,,,no_match,0.0
kasim mehaddi hilas,could asked,time,,,,no_match,0.0
kasim mehaddi hilas,could said,one day,,,,no_match,0.0
kasim mehaddi hilas,could said,one day he asked,,,,no_match,0.0
kasim mehaddi hilas,could said,he asked,,,,no_match,0.0
kasim mehaddi hilas,could said,he asked graner,,,,no_match,0.0
kasim mehaddi hilas,could said,one day he asked graner,,,,no_match,0.0
graner,could was asked,one day,,,,no_match,0.0
taylor,told,eddie s left band,,,,no_match,0.0
lemmy,told,eddie s left band,,,,no_match,0.0
ed,tries,explain,,,,no_match,0.0
cen,forms,part,,,,no_match,0.0
he,became,youngest,,,,no_match,0.0
he,became,september 2006,,,,no_match,0.0
he,became,age 26,,,,no_match,0.0
tv8,followed,1982,,,,no_match,0.0
tv8,network,between,,,,no_match,0.0
seven years,later,changed,,,,no_match,0.0
cooling center,set up,local authorities,,,,no_match,0.0
manifold,can not,presented connected sum more one manifold,,,,no_match,0.0
manifold,can not,prime,,,,no_match,0.0
printing,not is done under,other titles,,,,no_match,0.0
not respublika,not is a title,printing,,,,no_match,0.0
meeting,staged,ammanford,,,,no_match,0.0
turbomachinery,may use,centrifugal compressors,,,,no_match,0.0
list,may contains,turbomachinery,,,,no_match,0.0
list,may includes,turbomachinery,,,,no_match,0.0
spectrum,improves,readily,,,,no_match,0.0
locomotives,pulled,whole length victoria waterloo tunnels,,,,no_match,0.0
colonials,found,new world,,,,no_match,0.0
two cosmos,accompanied,mothra,,,,no_match,0.0
accident,caused,permanent injury,,,,no_match,0.0
accident,caused,cameraman,,,,no_match,0.0
subsocial,no,animal,,,,no_match,0.0
250,published,original limited artist edition,,,,no_match,0.0
abs,give,bible,,,,no_match,0.0
abs,give,new homeowners,,,,no_match,0.0
abs,give,new homeowners united states,,,,no_match,0.0
he,in,ali s army,,,,no_match,0.0
he,in,battle jamal,,,,no_match,0.0
aisha,escorted by,muhammad ibn abu bakr,,,,no_match,0.0
muhammad ibn abu bakr,escorted,back madina,,,,no_match,0.0
aisha,escorted back to,madina,,,,no_match,0.0
applications,can use,service,,,,no_match,0.0
implementations,can record,data,,,,no_match,0.0
implementations,can record,detailed data,,,,no_match,0.0
implementations,can record,data during development,,,,no_match,0.0
implementations,can record,data during development debugging,,,,no_match,0.0
technique,facilitates,connection,,,,no_match,0.0
technique,facilitates,center,,,,no_match,0.0
technique,facilitates,foot,,,,no_match,0.0
attorney general,insisted,appointment,,,,no_match,0.0
team,inducted,basketball hall fame,,,,no_match,0.0
team,inducted in,1959,,,,no_match,0.0
microbe,can not survive,outside,,,,no_match,0.0
lower river,to be dredged,two years,,,,no_match,0.0
commissioners,take,necessary action,,,,no_match,0.0
french kings,sent,provinces,,,,no_match,0.0
sensors,requires,calibration,,,,no_match,0.0
measurement,requires,calibration,,,,no_match,0.0
sandy,on the grounds that,it is practical lucrative,,,,no_match,0.0
celine dion,helped,debut,,,,no_match,0.0
services,no are reasonably calculated,yield,,,,no_match,0.0
muhammad,plays,role,,,,no_match,0.0
alliance,significant,role,,,,no_match,0.0
beast,can perform,feats,,,,no_match,0.0
beast,can do,aerial feats,,,,no_match,0.0
beast,can do,feats,,,,no_match,0.0
beast,can,talents,,,,no_match,0.0
beast,can,training,,,,no_match,0.0
burnham,died,september 1 1947,,,,no_match,0.0
burnham,died,his home,,,,no_match,0.0
burnham,died,santa barbara california,,,,no_match,0.0
people,invoke,it,,,,no_match,0.0
people,do,so provoke justify action,,,,no_match,0.0
byers,encourages,attendees,,,,no_match,0.0
attendees,re appropriate,it,,,,no_match,0.0
certain fractional quantum hall phases,appear,have,,,,no_match,0.0
certain fractional quantum hall phases,appear,have right,,,,no_match,0.0
certain fractional quantum hall phases,the right,properties,,,,no_match,0.0
certain fractional quantum hall phases,appear,right,,,,no_match,0.0
certain fractional quantum hall phases,appear,have right properties,,,,no_match,0.0
certain fractional quantum hall phases,appear,have right properties building,,,,no_match,0.0
certain fractional quantum hall phases,appear,have right properties building topological,,,,no_match,0.0
certain fractional quantum,appear,have,,,,no_match,0.0
certain fractional quantum,appear,have right,,,,no_match,0.0
certain fractional quantum,appear,have right properties,,,,no_match,0.0
certain fractional quantum,appear,have right properties building,,,,no_match,0.0
certain fractional quantum,appear,have right properties building topological,,,,no_match,0.0
certain fractional quantum,appear,have right properties building topological quantum,,,,no_match,0.0
cis regulatory elements,control,transcription,,,,no_match,0.0
cis regulatory elements,control,nearby gene,,,,no_match,0.0
sequences,control,transcription,,,,no_match,0.0
citizens responsibility ethics washington,filed,complaint,,,,no_match,0.0
bond,role,ouster graves,,,,no_match,0.0
rifles,can produce,pellets,,,,no_match,0.0
performance,can,10 ring,,,,no_match,0.0
participant,can attribute,result,,,,no_match,0.0
result,can,non maximal,,,,no_match,0.0
phase,can,initial,,,,no_match,0.0
pellets,can,match,,,,no_match,0.0
curley,played,before,,,,no_match,0.0
dc comics,held,service,,,,no_match,0.0
eisner,often,visited,,,,no_match,0.0
beuerlein,no passing,373 yards,,,,no_match,0.0
dodo,portrayed,common accent,,,,no_match,0.0
massacre,portrayed,way,,,,no_match,0.0
dr pim,played,1892,,,,no_match,0.0
dr pim,played,1893,,,,no_match,0.0
dr pim,played,1894,,,,no_match,0.0
dr pim,played,1896,,,,no_match,0.0
two songs,can,opposing nature,,,,no_match,0.0
two songs,can,opposing,,,,no_match,0.0
two songs,can be viewed,debate,,,,no_match,0.0
play,can,attitudes love,,,,no_match,0.0
two songs,can,opposing attitudes love,,,,no_match,0.0
transmitter,signal wattage,smaller,,,,no_match,0.0
signal,barely hearable,northern reaches fulton,,,,no_match,0.0
transmitter,a rimshot,southwest city,,,,no_match,0.0
second world war,occurred during,1945,,,,no_match,0.0
act rugby union,a name change,act southern nsw rugby union,,,,no_match,0.0
act rugby union,changed its name,act southern nsw rugby union,,,,no_match,0.0
act rugby union,renamed to,act southern nsw rugby union,,,,no_match,0.0
act rugby union,changed to,act southern nsw rugby union,,,,no_match,0.0
act rugby union,known as,act southern nsw rugby union,,,,no_match,0.0
act rugby union,a new name,act southern nsw rugby union,,,,no_match,0.0
act rugby union,a new name,brumbies rugby,,,,no_match,0.0
act rugby union,changed its name to,brumbies rugby,,,,no_match,0.0
each,brought,toa stone,,,,no_match,0.0
each,met,great temple,,,,no_match,0.0
stephanie,dons,costume,,,,no_match,0.0
university,banned,its property including inside outside buildings,,,,no_match,0.0
university,banned,areas were once designated smoking areas,,,,no_match,0.0
university,banned,smoking areas,,,,no_match,0.0
university,banned,areas,,,,no_match,0.0
university,banned,inside outside buildings,,,,no_match,0.0
university,banned,outside buildings,,,,no_match,0.0
university,banned,first semester 2010,,,,no_match,0.0
player,must,shoot,,,,no_match,0.0
player,shoot,continual,,,,no_match,0.0
player,reach,end,,,,no_match,0.0
player,reach,level,,,,no_match,0.0
gavin hood,directing,tsotsi,,,,no_match,0.0
battra,caused,rift,,,,no_match,0.0
hapoel lod,played,1980s,,,,no_match,0.0
hapoel lod,won,1984,,,,no_match,0.0
hawker pacific aerospace,offers,landing gear hydraulic mro services,,,,no_match,0.0
hawker pacific aerospace,offers,mro services,,,,no_match,0.0
he,can track,people,,,,no_match,0.0
he,can track,open terrain,,,,no_match,0.0
he,can,feet,,,,no_match,0.0
his feet,can are sensitive,electronic signals,,,,no_match,0.0
his feet,can detect,solid walls,,,,no_match,0.0
his feet,can detect,floors,,,,no_match,0.0
he,took,wickets,,,,no_match,0.0
he,took,7 39,,,,no_match,0.0
he,took,6 44,,,,no_match,0.0
he,took,against sargodha,,,,no_match,0.0
he,took,1962 63,,,,no_match,0.0
he,took,his best bowling figures,,,,no_match,0.0
he,appeared,alongside,,,,no_match,0.0
wild cards,defines,low probability,,,,no_match,0.0
wild cards,defines,high impact,,,,no_match,0.0
wild cards,would,impact,,,,no_match,0.0
wild cards,would,occur,,,,no_match,0.0
wild cards,would,severely impact,,,,no_match,0.0
he,having,been,,,,no_match,0.0
he,idolized,god,,,,no_match,0.0
he,left,v2 records,,,,no_match,0.0
he,took,army,,,,no_match,0.0
he,lodged,southwark,,,,no_match,0.0
he,represented,riding,,,,no_match,0.0
he,received,permission,,,,no_match,0.0
he,buried,hollywood forever cemetery,,,,no_match,0.0
he,reprieved,week,,,,no_match,0.0
hilf al fudul,created by,various meccans,,,,no_match,0.0
hoechst 33342,quenched by,bromodeoxyuridine,,,,no_match,0.0
bae systems,no produces,land mines,,,,no_match,0.0
bae systems,no produces,cluster bombs,,,,no_match,0.0
bae systems,no stated,it no longer produces land mines cluster bombs,,,,no_match,0.0
mike mcgurk,bears resemblance to,pat patton,,,,no_match,0.0
tracy,partner,pat patton,,,,no_match,0.0
tracy,secretary,gwen andrews,,,,no_match,0.0
tracy,partner,mike mcgurk,,,,no_match,0.0
motorcycle,lost control of,knievel,,,,no_match,0.0
nationals,lose,territory,,,,no_match,0.0
nationals,reduced,division,,,,no_match,0.0
antigenicities,not of,seed strains,,,,no_match,0.0
germans,able to,adjust,,,,no_match,0.0
second term lord chancellor,ended,his death,,,,no_match,0.0
francis la flesche,published with,she,,,,no_match,0.0
she,published,1911,,,,no_match,0.0
news courier,bought,evening post,,,,no_match,0.0
komo news photographer,discovered,way,,,,no_match,0.0
he,later,charminar,,,,no_match,0.0
use hall,directed by,lee grant,,,,no_match,0.0
lee grant,directed,barrie,,,,no_match,0.0
rodan,became,president,,,,no_match,0.0
american society bone mineral research,president,rodan,,,,no_match,0.0
kelsang gyatso,became,outspoken,,,,no_match,0.0
brumbies,finished,top,,,,no_match,0.0
brumbies,finished,2004,,,,no_match,0.0
theuriau,unaware,scam websites,,,,no_match,0.0
vendors,launched,2011,,,,no_match,0.0
bloomberg businessweek,voted,san francisco,,,,no_match,0.0
marcus perperna,bore testimony,behalf,,,,no_match,0.0
droit,can,whole body law,,,,no_match,0.0
dieu et mon droit,can,motto,,,,no_match,0.0
god,can,dieu et mon droit,,,,no_match,0.0
law,can,whole body law,,,,no_match,0.0
law,can,my whole body law,,,,no_match,0.0
jewish belief,will be revealed,era resurrection,,,,no_match,0.0
jewish belief,will be revealed,physical world,,,,no_match,0.0
nasser,pressured,naguib,,,,no_match,0.0
byrom street cutting,a,point,,,,no_match,0.0
september 1941,the month,she joined,,,,no_match,0.0
july 1942,the month,she was promoted,,,,no_match,0.0
holkins,reserved,right,,,,no_match,0.0
holkins,bring,carl,,,,no_match,0.0
krahulik,goes,france,,,,no_match,0.0
language,occupies,territory,,,,no_match,0.0
language,occupies,given territory,,,,no_match,0.0
language b,arrives,same territory,,,,no_match,0.0
truth,get through,germany,,,,no_match,0.0
function,replaces,rifleman position,,,,no_match,0.0
rcpo,concluded,cases,,,,no_match,0.0
rcpo,concluded,six months,,,,no_match,0.0
rcpo,concluded,88,,,,no_match,0.0
it,treated as,subfamily,,,,no_match,0.0
kabul,depended,tourism,,,,no_match,0.0
johns,took,role,,,,no_match,0.0
he,advocated,civil rights,,,,no_match,0.0
he,advocated,rights freed african americans,,,,no_match,0.0
he,advocated,prosecution union war effort,,,,no_match,0.0
he,advocated,union war effort,,,,no_match,0.0
he,advocated,union war,,,,no_match,0.0
he,advocated,war effort,,,,no_match,0.0
he,advocated,effort,,,,no_match,0.0
he,advocated,union,,,,no_match,0.0
5th dragoon guards,formed,part,,,,no_match,0.0
north,inhabitants,speak,,,,no_match,0.0
east,inhabitants,speak,,,,no_match,0.0
man,transforms,dwelling place,,,,no_match,0.0
man,transforms,lowest world,,,,no_match,0.0
he,collaborate,some newspapers,,,,no_match,0.0
it,uses,tail,,,,no_match,0.0
it,chosen,1901,,,,no_match,0.0
gen eleazer wheelock ripley,named,it,,,,no_match,0.0
gen eleazer wheelock ripley,officer,war 1812,,,,no_match,0.0
war 1812,officer,gen eleazer wheelock ripley,,,,no_match,0.0
pgce,could not afford,give up work,,,,no_match,0.0
pgce,could not undertake,traditional method teacher training,,,,no_match,0.0
pgce,could not,traditional method teacher training,,,,no_match,0.0
its cultivation,declined,favour,,,,no_match,0.0
jal,introduced,service,,,,no_match,0.0
jal,introduced,route,,,,no_match,0.0
jal,introduced,1961,,,,no_match,0.0
princeton university,entered,james arthur hogue,,,,no_match,0.0
empire strikes back,appeared,johns,,,,no_match,0.0
keibler,asked,appear,,,,no_match,0.0
kim,double majored in,government,,,,no_match,0.0
speakers language,abandon,language,,,,no_match,0.0
speakers language,favor,language b,,,,no_match,0.0
speakers language,favor,social settings,,,,no_match,0.0
li hongzhi,may taught,falun gong,,,,no_match,0.0
li hongzhi,may taught,across china,,,,no_match,0.0
public teachings falun gong,may started,li hongzhi,,,,no_match,0.0
falun gong,may,li hongzhi,,,,no_match,0.0
falun gong,may,taught falun gong exercises across china,,,,no_match,0.0
bbc content,lampooned,low budget quality,,,,no_match,0.0
satellite television,available,uk,,,,no_match,0.0
luke robert ravenstahl,served as,59th mayor pittsburgh,,,,no_match,0.0
luke robert ravenstahl,served,2006 until 2014,,,,no_match,0.0
males,versus,females,,,,no_match,0.0
many,removed,aesthetics,,,,no_match,0.0
many,removed,relief,,,,no_match,0.0
larger ones,excised,prevention,,,,no_match,0.0
larger ones,excised,benefit,,,,no_match,0.0
many overseas chinese,came from,quanzhou area,,,,no_match,0.0
overseas chinese,speak,home,,,,no_match,0.0
those,ancestors,quanzhou area,,,,no_match,0.0
those,speak,hokkien,,,,no_match,0.0
models,likely taking into account,room number,,,,no_match,0.0
models,likely produce,figures,,,,no_match,0.0
models,likely produce,36 000,,,,no_match,0.0
barrack blocks,likely,size,,,,no_match,0.0
barrack blocks,likely are in,gorgan wall forts,,,,no_match,0.0
marciano,knocked out,moore,,,,no_match,0.0
newhan,hit,308,,,,no_match,0.0
utv,no made,announcement,,,,no_match,0.0
not everyone,not decides,track matoran,,,,no_match,0.0
he,suggest left,continent,,,,no_match,0.0
he,suggest,brought up,,,,no_match,0.0
epilogue,not supplied,too late,,,,no_match,0.0
garbo,requested,information,,,,no_match,0.0
garbo,requested,give,,,,no_match,0.0
garbo,requested,sites,,,,no_match,0.0
garbo,requested,times,,,,no_match,0.0
garbo,requested,v 1 impacts,,,,no_match,0.0
brutus,requested,sites,,,,no_match,0.0
brutus,requested,times,,,,no_match,0.0
brutus,requested,v 1 impacts,,,,no_match,0.0
tate,requested,give,,,,no_match,0.0
tate,requested,sites,,,,no_match,0.0
tate,requested,times,,,,no_match,0.0
tate,requested,v 1 impacts,,,,no_match,0.0
yost,may of,kansas city royals,,,,no_match,0.0
kansas city royals,may,manager,,,,no_match,0.0
opie anthony,may was suspended,30 days,,,,no_match,0.0
one candidate,located at,lake huron,,,,no_match,0.0
one candidate,located near,wreck,,,,no_match,0.0
one candidate,located,western end manitoulin island,,,,no_match,0.0
another wreck,located near,escanaba,,,,no_match,0.0
dark side moon,could has song,time,,,,no_match,0.0
time,could is part of,dark side moon,,,,no_match,0.0
time,could contains,breathe,,,,no_match,0.0
breathe,could is part of,dark side moon,,,,no_match,0.0
parental investment,to benefit,offspring,,,,no_match,0.0
piffaro,performs,concerts,,,,no_match,0.0
piffaro,performs,philadelphia,,,,no_match,0.0
plants,can have been planted,parts,,,,no_match,0.0
plants,can marking,parts,,,,no_match,0.0
foundations,can,parts,,,,no_match,0.0
some,can,positions,,,,no_match,0.0
some,can,be inferred,,,,no_match,0.0
royals,signed,yost,,,,no_match,0.0
prior,could precedes,playmaker tool,,,,no_match,0.0
player,could call,hot routes,,,,no_match,0.0
playmaker tool,could was used for,available hot routes,,,,no_match,0.0
redhat,re implemented,gcc 4 1,,,,no_match,0.0
results,may indicate,these,,,,no_match,0.0
results,may show,acoustic mimicry complexes,,,,no_match,0.0
her,superiors,refuse,,,,no_match,0.0
supreme court,might,expansive interpretation,,,,no_match,0.0
congress,might,power,,,,no_match,0.0
congress,might,power regulate,,,,no_match,0.0
power,might to regulate,interstate commerce,,,,no_match,0.0
power,might to regulate,extended,,,,no_match,0.0
power,might to regulate,extended include,,,,no_match,0.0
power,might to regulate,extended include any,,,,no_match,0.0
power,might to regulate,extended include any activities,,,,no_match,0.0
power,might to regulate,extended include any activities might,,,,no_match,0.0
power,might to regulate,extended include any activities might affect,,,,no_match,0.0
power,might to regulate,extended include any activities might affect commerce,,,,no_match,0.0
power,might to regulate,extended include any activities might affect commerce indirectly,,,,no_match,0.0
new deal,might,during,,,,no_match,0.0
she,provided,series,,,,no_match,0.0
david tennant,alongside,she,,,,no_match,0.0
she,published,research publications,,,,no_match,0.0
she,served,new london,,,,no_match,0.0
she,served,southern new england area,,,,no_match,0.0
she,served,occasionally,,,,no_match,0.0
she,ordered,be rebuilt,,,,no_match,0.0
shea,born,1900,,,,no_match,0.0
shea,born,san francisco,,,,no_match,0.0
shea,born,california,,,,no_match,0.0
shea,born in,california,,,,no_match,0.0
richmond,won,premierships,,,,no_match,0.0
richmond,won,most recent,,,,no_match,0.0
slave,can liberate,himself,,,,no_match,0.0
slave,could specify,payments,,,,no_match,0.0
payments,could specify,residual duties,,,,no_match,0.0
residual duties,could,specified,,,,no_match,0.0
slave,could,freed,,,,no_match,0.0
residual duties,could,liberate,,,,no_match,0.0
spennymoor town f c,may played,may 2013,,,,no_match,0.0
may 2013,may was the time when,spennymoor town f c are,,,,no_match,0.0
sukhum,functioned as,capital,,,,no_match,0.0
sukhum,associated with,abkhaz soviet socialist republic,,,,no_match,0.0
superboy prime,through,anti monitor,,,,no_match,0.0
swinburne,moves,his writing program,,,,no_match,0.0
team,a,nascar craftsman truck series team,,,,no_match,0.0
team,racing,is,,,,no_match,0.0
franco,lose,possessions,,,,no_match,0.0
acrolepiidae,known as,false diamondback moths,,,,no_match,0.0
alarm,formed,1981,,,,no_match,0.0
alarm,formed,rhyl,,,,no_match,0.0
bureau alcohol,tobacco,explosives formed 1886 is federal law enforcement organization,,,,no_match,0.0
bureau alcohol,tobacco,firearms explosives formed 1886 is,,,,no_match,0.0
crz,organized,naxalite movement,,,,no_match,0.0
naxalite movement,meeting,siliguri,,,,no_match,0.0
naxalite movement,meeting,west bengal,,,,no_match,0.0
naxalite movement,meeting,august 2001,,,,no_match,0.0
november 24,1967 shop fire,equipment burned,,,,no_match,0.0
main street tunnel,located in,welland,,,,no_match,0.0
main street tunnel,located in,canada,,,,no_match,0.0
nadvorna dynasty,notable,many its descendants,,,,no_match,0.0
pac bulletins,distributed,these meetings,,,,no_match,0.0
persian contingent,without guard,defile,,,,no_match,0.0
defile,without,supposed guard,,,,no_match,0.0
alexander,without went,through,,,,no_match,0.0
river stour trust,located,sudbury,,,,no_match,0.0
sas,killed,14 provisional irish republican army irish national liberation army members,,,,no_match,0.0
sas,killed,irish national liberation army,,,,no_match,0.0
provisional irish republican army,killed,sas,,,,no_match,0.0
irish national liberation army,killed,sas,,,,no_match,0.0
14 provisional irish republican army irish national liberation army members,killed,sas,,,,no_match,0.0
steinbrenner family,added,september 20 2010,,,,no_match,0.0
summer programs office,runs,camp,,,,no_match,0.0
summer programs office,runs,classes,,,,no_match,0.0
locals,call,haynes street,,,,no_match,0.0
locals,call,mashapaug road,,,,no_match,0.0
charleston courier,merged,1873,,,,no_match,0.0
charleston daily news,merged,charleston courier,,,,no_match,0.0
charleston daily news,merged,1873,,,,no_match,0.0
album,promoted with,american european tours,,,,no_match,0.0
band,released,album,,,,no_match,0.0
canal,dammed,off,,,,no_match,0.0
car,used,band member s car,,,,no_match,0.0
city,named,nordland,,,,no_match,0.0
watson,got,seats,,,,no_match,0.0
diocese,renamed as,prefecture apostolic peng yang,,,,no_match,0.0
prefecture apostolic hpyeng yang,erected,17 march 1927,,,,no_match,0.0
ostrov,based on,food electronic,,,,no_match,0.0
engine,produced,torque,,,,no_match,0.0
university library,can be found,third sixth floors,,,,no_match,0.0
university library,can,extension,,,,no_match,0.0
university library,can,parking,,,,no_match,0.0
university library,can,parking 120 cars,,,,no_match,0.0
third sixth floors,can,parking,,,,no_match,0.0
external gauge,readable,directly,,,,no_match,0.0
external gauge,incorporate,electronic sender,,,,no_match,0.0
external gauge,operate,fuel gauge,,,,no_match,0.0
external gauge,usually,readable,,,,no_match,0.0
external gauge,also,incorporate electronic sender,,,,no_match,0.0
field,named,pete lehr field,,,,no_match,0.0
royal couple,lived,there,,,,no_match,0.0
laps,would be added,overall result,,,,no_match,0.0
second part race,would be decided,overall result,,,,no_match,0.0
group,featured,east asia,,,,no_match,0.0
founder,pledged,himself,,,,no_match,0.0
founder,honour,special manner,,,,no_match,0.0
trip,occurred,june,,,,no_match,0.0
trip,occurred,2014,,,,no_match,0.0
insurer,sponsored,new orleans open,,,,no_match,0.0
new orleans open,beginning in,1981,,,,no_match,0.0
lodge,may,two weeks starting end august,,,,no_match,0.0
lodge,may reserves,two weeks,,,,no_match,0.0
lodge,may reserves,two weeks starting end august,,,,no_match,0.0
lodge,may is reserved for,dartmouth first year trips,,,,no_match,0.0
meenakshi temple madurai tamil nadu,decorations,according,,,,no_match,0.0
residue,can be reprocessed,ingredient fine beef stock,,,,no_match,0.0
residue,can be strained,ingredient fine beef stock,,,,no_match,0.0
restrictions,recall,cessation korban tamid nesach hayayin temple altar,,,,no_match,0.0
riders,began,walking,,,,no_match,0.0
second,named,after former us president george h w bush,,,,no_match,0.0
november 1995,the time,former us president george h w bush stayed aboard,,,,no_match,0.0
second,starred,barrie,,,,no_match,0.0
site,constructed,18th century,,,,no_match,0.0
site,split,between two areas,,,,no_match,0.0
stations,renamed,midsomer norton south,,,,no_match,0.0
stock pot,should,chilled,,,,no_match,0.0
solid lump,should,scraped clean,,,,no_match,0.0
they,conspired,fix prices,,,,no_match,0.0
they,weaken,market,,,,no_match,0.0
third known version,produced,february 1993,,,,no_match,0.0
town,served by,station,,,,no_match,0.0
station,on,somerset dorset railway,,,,no_match,0.0
video,feature,dialogue,,,,no_match,0.0
youth hostel,used to,hotel,,,,no_match,0.0
female householder no husband present,no,11 9 had female householder,,,,no_match,0.0
non families,no,36 4 were,,,,no_match,0.0
female householder no husband present,no,7 50 had female householder,,,,no_match,0.0
non families,no,32 50 were,,,,no_match,0.0
these,supplied,attempts,,,,no_match,0.0
they,beat,webber international,,,,no_match,0.0
they,go,through,,,,no_match,0.0
they,go,period,,,,no_match,0.0
they,go,after,,,,no_match,0.0
they,go,flowering,,,,no_match,0.0
women,become,popular,,,,no_match,0.0
q valued euler characteristic,can is compatible with,euler characteristics graphs,,,,no_match,0.0
q valued euler characteristic,can is compatible with,euler characteristics graphs orbifolds,,,,no_match,0.0
q valued euler characteristic,can is compatible with,euler characteristics,,,,no_match,0.0
change,picked up,huguenot writers,,,,no_match,0.0
huguenot writers,promote,idea,,,,no_match,0.0
catholic writers preachers,responded,fiercely,,,,no_match,0.0
line,extended,darling road,,,,no_match,0.0
line,extended,13 november 1913,,,,no_match,0.0
miners,demanded,colliers,,,,no_match,0.0
michael,asks,tobias,,,,no_match,0.0
michael,asks,maeby,,,,no_match,0.0
god infinite,no,no needs,,,,no_match,0.0
fresh food story,constructed,end,,,,no_match,0.0
r 11,continued,her career,,,,no_match,0.0
r 11,continued,throughout remainder her career,,,,no_match,0.0
trumbull,credited,print,,,,no_match,0.0
nc 222,intersects,us 258,,,,no_match,0.0
company,built,parts,,,,no_match,0.0
each,built,parts,,,,no_match,0.0
watson,elected,november 1998,,,,no_match,0.0
his caucus,elected,november 1998,,,,no_match,0.0
naguib,began showing,signs,,,,no_match,0.0
naguib,drawing closer,brotherhood,,,,no_match,0.0
romblon,introduced,civilian government,,,,no_match,0.0
wide acceptance,may requires,government incentives,,,,no_match,0.0
wide acceptance,may requires,significant increases,,,,no_match,0.0
russia,became,subject debate,,,,no_match,0.0
rules,make,provisions,,,,no_match,0.0
provisions,make,provisions,,,,no_match,0.0
wright,may was surprised by,michael aspel,,,,no_match,0.0
thames television,may has studios,teddington studios,,,,no_match,0.0
black water,became,one few records,,,,no_match,0.0
black water,released,b side,,,,no_match,0.0
before,topping,hot 100,,,,no_match,0.0
greenfish,commissioned,7 june 1946,,,,no_match,0.0
mrs thomas j doyle,sponsored,greenfish,,,,no_match,0.0
7 june 1946,the date of,greenfish was,,,,no_match,0.0
great lakes,hunters,shipwreck,,,,no_match,0.0
shipwreck,hunters,great lakes,,,,no_match,0.0
cure,topped,charts,,,,no_match,0.0
he,without,one only few,,,,no_match,0.0
casting director,wished,he,,,,no_match,0.0
he,wished,he,,,,no_match,0.0
casting director,casting,g i joe,,,,no_match,0.0
